rejected_date,source,permit_number,issue_date,work_class,reason,description,source_url
2026-09-14,Permits: City of Austin,2026-097374 BP,2026-09-01,Remodel,exclude_term:generator,Generator replacement. Existing natural gas NG generator and its pad will be removed the new 4 x 8 pad to be poured to install new NG generator. A new ATS will ,https://abc.austintexas.gov/web/permit/public-search-other?t_detail=1&t_selected_folderrsn=13745507
2026-10-01,Permits: City of Austin,2026-126737 BP,2026-09-26,New,temporary_event,2026/10/02 - 2026/10/04 - Weekend 1| 2026/10/09 - 2026/10/11 - Weekend 2 | (2026/09/14) | Music stages food vendors art vendors & hospitality programs. October ,https://abc.austintexas.gov/web/permit/public-search-other?t_detail=1&t_selected_folderrsn=13779119
2026-10-01,Permits: City of Austin,2026-126767 BP,2026-09-26,New,temporary_event,2026/10/02 - 2026/10/04 - Weekend 1| 2026/10/09 - 2026/10/11 - Weekend 2 | (2026/09/14) | Music stages food vendors art vendors & hospitality programs. October ,https://abc.austintexas.gov/web/permit/public-search-other?t_detail=1&t_selected_folderrsn=13779149
2026-10-01,Permits: City of Austin,2026-126787 BP,2026-09-26,New,temporary_event,2026/10/02 - 2026/10/04 - Weekend 1| 2026/10/09 - 2026/10/11 - Weekend 2 | (2026/09/14) | Music stages food vendors art vendors & hospitality programs. October ,https://abc.austintexas.gov/web/permit/public-search-other?t_detail=1&t_selected_folderrsn=13779174
2026-10-01,Permits: City of Austin,2026-126732 BP,2026-09-26,New,temporary_event,2026/10/02 - 2026/10/04 - Weekend 1| 2026/10/09 - 2026/10/11 - Weekend 2 | (2026/09/14) | Music stages food vendors art vendors & hospitality programs. October ,https://abc.austintexas.gov/web/permit/public-search-other?t_detail=1&t_selected_folderrsn=13779114
2026-10-01,Permits: City of Austin,2026-126812 BP,2026-09-26,New,temporary_event,2026/10/02 - 2026/10/04 - Weekend 1| 2026/10/09 - 2026/10/11 - Weekend 2 | (2026/09/14) | Music stages food vendors art vendors & hospitality programs. October ,https://abc.austintexas.gov/web/permit/public-search-other?t_detail=1&t_selected_folderrsn=13779199
2026-10-01,Permits: City of Austin,2026-126791 BP,2026-09-26,New,temporary_event,2026/10/02 - 2026/10/04 - Weekend 1| 2026/10/09 - 2026/10/11 - Weekend 2 | (2026/09/14) | Music stages food vendors art vendors & hospitality programs. October ,https://abc.austintexas.gov/web/permit/public-search-other?t_detail=1&t_selected_folderrsn=13779178
2026-10-01,Permits: City of Austin,2026-125566 BP,2026-09-24,New,temporary_event,2026/10/02 - 2026/10/04 - Weekend 1| 2026/10/09 - 2026/10/11 - Weekend 2 | (2026/09/14) | Music stages food vendors art vendors & hospitality programs. October ,https://abc.austintexas.gov/web/permit/public-search-other?t_detail=1&t_selected_folderrsn=13777698
2026-10-01,Permits: City of Austin,2026-124744 BP,2026-09-24,New,temporary_event,2026/10/02 - 2026/10/04 - Weekend 1| 2026/10/09 - 2026/10/11 - Weekend 2 | (2026/09/14) | Music stages food vendors art vendors & hospitality programs. October ,https://abc.austintexas.gov/web/permit/public-search-other?t_detail=1&t_selected_folderrsn=13776748
2026-10-01,Permits: City of Austin,2026-124757 BP,2026-09-24,New,temporary_event,2026/10/02 - 2026/10/04 - Weekend 1| 2026/10/09 - 2026/10/11 - Weekend 2 | (2026/09/14) | Music stages food vendors art vendors & hospitality programs. October ,https://abc.austintexas.gov/web/permit/public-search-other?t_detail=1&t_selected_folderrsn=13776762
2026-10-01,Permits: City of Austin,2026-124700 BP,2026-09-24,New,temporary_event,2026/10/02 - 2026/10/04 - Weekend 1| 2026/10/09 - 2026/10/11 - Weekend 2 | (2026/09/14) | Music stages food vendors art vendors & hospitality programs. October ,https://abc.austintexas.gov/web/permit/public-search-other?t_detail=1&t_selected_folderrsn=13776704
2026-10-01,Permits: City of Austin,2026-123250 BP,2026-09-24,New,temporary_event,2026/10/02 - 2026/10/04 - Weekend 1| 2026/10/09 - 2026/10/11 - Weekend 2 | (2026/09/14) | Music stages food vendors art vendors & hospitality programs. October ,https://abc.austintexas.gov/web/permit/public-search-other?t_detail=1&t_selected_folderrsn=13775042
2026-10-01,Permits: City of Austin,2026-124749 BP,2026-09-24,New,temporary_event,2026/10/02 - 2026/10/04 - Weekend 1| 2026/10/09 - 2026/10/11 - Weekend 2 | (2026/09/14) | Music stages food vendors art vendors & hospitality programs. October ,https://abc.austintexas.gov/web/permit/public-search-other?t_detail=1&t_selected_folderrsn=13776753
2026-10-01,Permits: City of Austin,2026-124714 BP,2026-09-24,New,temporary_event,2026/10/02 - 2026/10/04 - Weekend 1| 2026/10/09 - 2026/10/11 - Weekend 2 | (2026/09/14) | Music stages food vendors art vendors & hospitality programs. October ,https://abc.austintexas.gov/web/permit/public-search-other?t_detail=1&t_selected_folderrsn=13776718
2026-10-01,Permits: City of Austin,2026-123190 BP,2026-09-24,New,temporary_event,2026/10/02 - 2026/10/04 - Weekend 1| 2026/10/09 - 2026/10/11 - Weekend 2 | (2026/09/14) | Music stages food vendors art vendors & hospitality programs. October ,https://abc.austintexas.gov/web/permit/public-search-other?t_detail=1&t_selected_folderrsn=13774978
2026-10-01,Permits: City of Austin,2026-123195 BP,2026-09-24,New,temporary_event,2026/10/02 - 2026/10/04 - Weekend 1| 2026/10/09 - 2026/10/11 - Weekend 2 | (2026/09/14) | Music stages food vendors art vendors & hospitality programs. October ,https://abc.austintexas.gov/web/permit/public-search-other?t_detail=1&t_selected_folderrsn=13774983
2026-10-01,Permits: City of Austin,2026-123264 BP,2026-09-24,New,temporary_event,2026/10/02 - 2026/10/04 - Weekend 1| 2026/10/09 - 2026/10/11 - Weekend 2 | (2026/09/14) | Music stages food vendors art vendors & hospitality programs. October ,https://abc.austintexas.gov/web/permit/public-search-other?t_detail=1&t_selected_folderrsn=13775057
2026-10-01,Permits: City of Austin,2026-123259 BP,2026-09-24,New,temporary_event,2026/10/02 - 2026/10/04 - Weekend 1| 2026/10/09 - 2026/10/11 - Weekend 2 | (2026/09/14) | Music stages food vendors art vendors & hospitality programs. October ,https://abc.austintexas.gov/web/permit/public-search-other?t_detail=1&t_selected_folderrsn=13775051
2026-10-01,Permits: City of Austin,2026-124724 BP,2026-09-24,New,temporary_event,2026/10/02 - 2026/10/04 - Weekend 1| 2026/10/09 - 2026/10/11 - Weekend 2 | (2026/09/14) | Music stages food vendors art vendors & hospitality programs. October ,https://abc.austintexas.gov/web/permit/public-search-other?t_detail=1&t_selected_folderrsn=13776728
2026-10-01,Permits: City of Austin,2026-124752 BP,2026-09-24,New,temporary_event,2026/10/02 - 2026/10/04 - Weekend 1| 2026/10/09 - 2026/10/11 - Weekend 2 | (2026/09/14) | Music stages food vendors art vendors & hospitality programs. October ,https://abc.austintexas.gov/web/permit/public-search-other?t_detail=1&t_selected_folderrsn=13776756
