opportunity_id,status,source,buyer,solicitation_number,title,portal_url,posted_date,question_deadline,due_date,delivery_location,estimated_value,primary_products,commodity_terms,fit_score,risk_level,next_action,owner,created_date,last_reviewed,notes,procurement_risk,gate_status,compliance_blocker,win_score,win_factors
sam-gov-health-and-human-services-department-of-national-institutes-of-health-national-institutes-of-health-olao-75n9802,watching,SAM.gov,"HEALTH AND HUMAN SERVICES, DEPARTMENT OF NATIONAL INSTITUTES OF HEALTH NATIONAL INSTITUTES OF HEALTH OLAO",75N98026Q00709,"Service/maintenance agreement for Avantik Tissue Processors, Microtomes, Embedding Centers, and Cryostats",https://sam.gov/workspace/contract/opp/f851579e2de44b7db9d1568cc10a29dd/view,2026-06-26,,2026-07-13,"Durham, NC",,,NAICS 811310; PSC J066,0,,no mattress/bedding signal,,2026-06-29,2026-06-29,Combined Synopsis/Solicitation,blocker,blocked,sam_registration_pending; specs_pending,,
sam-gov-homeland-security-department-of-us-secret-service-u-s-secret-service-2026,watching,SAM.gov,"HOMELAND SECURITY, DEPARTMENT OF US SECRET SERVICE U S SECRET SERVICE",2026,Request For Information- Ammunition Bunker Expansion,https://sam.gov/workspace/contract/opp/6d40463100b444e8832e9becbab465d0/view,2026-06-26,,2026-07-07,"Laurel, MD",,,NAICS 23; PSC C1AZ,0,,no mattress/bedding signal,,2026-06-29,2026-06-29,Sources Sought,blocker,blocked,sam_registration_pending; specs_pending,,
sam-gov-health-and-human-services-department-of-national-institutes-of-health-national-institutes-of-health-olao-75n9802,watching,SAM.gov,"HEALTH AND HUMAN SERVICES, DEPARTMENT OF NATIONAL INSTITUTES OF HEALTH NATIONAL INSTITUTES OF HEALTH OLAO",75N98026Q00709,"Service/maintenance agreement for Avantik Tissue Processors, Microtomes, Embedding Centers, and Cryostats",https://sam.gov/workspace/contract/opp/f851579e2de44b7db9d1568cc10a29dd/view,2026-06-26,,2026-07-13,"Durham, NC",,,NAICS 811310; PSC J066,0,,no mattress/bedding signal,,2026-07-02,2026-07-02,Combined Synopsis/Solicitation,blocker,blocked,sam_registration_pending; specs_pending,,
sam-gov-homeland-security-department-of-us-secret-service-u-s-secret-service-2026,watching,SAM.gov,"HOMELAND SECURITY, DEPARTMENT OF US SECRET SERVICE U S SECRET SERVICE",2026,Request For Information- Ammunition Bunker Expansion,https://sam.gov/workspace/contract/opp/6d40463100b444e8832e9becbab465d0/view,2026-06-26,,2026-07-07,"Laurel, MD",,,NAICS 23; PSC C1AZ,0,,no mattress/bedding signal,,2026-07-02,2026-07-02,Sources Sought,blocker,blocked,sam_registration_pending; specs_pending,,
sam-gov-interior-department-of-the-us-fish-and-wildlife-service-fws-construction-a-e-team-1-140fc126q0027,watching,SAM.gov,"INTERIOR, DEPARTMENT OF THE US FISH AND WILDLIFE SERVICE FWS, CONSTRUCTION A/E TEAM 1",140FC126Q0027,ID-KOOTENAI NWR-BUNKHOUSE CONCRETE PATIO,https://sam.gov/workspace/contract/opp/43f0b8eda97b4900b39774b8279cde2a/view,2026-07-09,,2026-07-30,,,,NAICS 238990; PSC Z2EZ,0,,no mattress/bedding signal,,2026-07-13,2026-07-13,Solicitation,blocker,blocked,sam_registration_pending; specs_pending,,
sam-gov-interior-department-of-the-us-fish-and-wildlife-service-fws-construction-a-e-team-1-140fc126q0027,watching,SAM.gov,"INTERIOR, DEPARTMENT OF THE US FISH AND WILDLIFE SERVICE FWS, CONSTRUCTION A/E TEAM 1",140FC126Q0027,ID-KOOTENAI NWR-BUNKHOUSE CONCRETE PATIO,https://sam.gov/workspace/contract/opp/43f0b8eda97b4900b39774b8279cde2a/view,2026-07-09,,2026-07-30,,,,NAICS 238990; PSC Z2EZ,0,,no mattress/bedding signal,,2026-07-14,2026-07-14,Solicitation,blocker,blocked,sam_registration_pending; specs_pending,,
sam-gov-interior-department-of-the-us-fish-and-wildlife-service-fws-construction-a-e-team-1-140fc126q0027,watching,SAM.gov,"INTERIOR, DEPARTMENT OF THE US FISH AND WILDLIFE SERVICE FWS, CONSTRUCTION A/E TEAM 1",140FC126Q0027,ID-KOOTENAI NWR-BUNKHOUSE CONCRETE PATIO,https://sam.gov/workspace/contract/opp/43f0b8eda97b4900b39774b8279cde2a/view,2026-07-09,,2026-07-30,,,,NAICS 238990; PSC Z2EZ,0,,no mattress/bedding signal,,2026-07-16,2026-07-16,Solicitation,blocker,blocked,sam_registration_pending; specs_pending,,
sam-gov-interior-department-of-the-us-fish-and-wildlife-service-fws-construction-a-e-team-1-140fc126q0027,watching,SAM.gov,"INTERIOR, DEPARTMENT OF THE US FISH AND WILDLIFE SERVICE FWS, CONSTRUCTION A/E TEAM 1",140FC126Q0027,Z--ID-KOOTENAI NWR-BUNKHOUSE CONCRETE PATIO,https://sam.gov/workspace/contract/opp/36206c9038f84f638bfa7845ff784903/view,2026-07-22,,2026-07-30,,,,NAICS 238990; PSC Z2EZ,0,,no mattress/bedding signal,,2026-07-23,2026-07-23,Solicitation,blocker,blocked,specs_pending,,
sam-gov-agriculture-department-of-forest-service-usda-fs-csa-southwest-7-127eax26q0041,watching,SAM.gov,"AGRICULTURE, DEPARTMENT OF FOREST SERVICE USDA-FS, CSA SOUTHWEST 7",127EAX26Q0041,A&E Design Services for Springerville Bunkhouse,https://sam.gov/workspace/contract/opp/0d8eaf7ced2f466884584a8360bd68f5/view,2026-07-21,,2026-07-28,"Springerville, AZ",,,NAICS 541330; PSC C219,0,,no mattress/bedding signal,,2026-07-23,2026-07-23,Special Notice,blocker,blocked,specs_pending,,
sam-gov-interior-department-of-the-us-fish-and-wildlife-service-fws-construction-a-e-team-1-140fc126q0027,watching,SAM.gov,"INTERIOR, DEPARTMENT OF THE US FISH AND WILDLIFE SERVICE FWS, CONSTRUCTION A/E TEAM 1",140FC126Q0027,Z--ID-KOOTENAI NWR-BUNKHOUSE CONCRETE PATIO,https://sam.gov/workspace/contract/opp/36206c9038f84f638bfa7845ff784903/view,2026-07-22,,2026-07-30,,,,NAICS 238990; PSC Z2EZ,0,,no mattress/bedding signal,,2026-07-27,2026-07-27,Solicitation,blocker,blocked,specs_pending,,
sam-gov-agriculture-department-of-forest-service-usda-fs-csa-southwest-7-127eax26q0041,watching,SAM.gov,"AGRICULTURE, DEPARTMENT OF FOREST SERVICE USDA-FS, CSA SOUTHWEST 7",127EAX26Q0041,A&E Design Services for Springerville Bunkhouse,https://sam.gov/workspace/contract/opp/0d8eaf7ced2f466884584a8360bd68f5/view,2026-07-21,,2026-07-28,"Springerville, AZ",,,NAICS 541330; PSC C219,0,,no mattress/bedding signal,,2026-07-27,2026-07-27,Special Notice,blocker,blocked,specs_pending,,
sam-gov-dept-of-defense-dept-of-the-army-amc-acc-mission-installation-contracting-command-419th-csb-w6qm-micc-ft-drum-w9,watching,SAM.gov,DEPT OF DEFENSE DEPT OF THE ARMY AMC ACC MISSION INSTALLATION CONTRACTING COMMAND 419TH CSB W6QM MICC-FT DRUM,W911S226U3698,Firefighter Bunker Gear.,https://sam.gov/workspace/contract/opp/415d99603cee4540ba99ab9545307151/view,2026-07-28,,2026-08-04,,,,NAICS 339999; PSC 4210,0,,no mattress/bedding signal,,2026-07-30,2026-08-03,Combined Synopsis/Solicitation,blocker,blocked,specs_pending,,
sam-gov-dept-of-defense-dept-of-the-army-amc-acc-mission-installation-contracting-command-419th-csb-w6qm-micc-ft-drum-w9,watching,SAM.gov,DEPT OF DEFENSE DEPT OF THE ARMY AMC ACC MISSION INSTALLATION CONTRACTING COMMAND 419TH CSB W6QM MICC-FT DRUM,W911S226U3698,Firefighter Bunker Gear.,https://sam.gov/workspace/contract/opp/4943e2e86f8243cb9e30fc5aebef8aad/view,2026-08-04,,2026-08-07,,,,NAICS 339999; PSC 4210,0,,no mattress/bedding signal,,2026-08-06,2026-08-06,Combined Synopsis/Solicitation,blocker,blocked,specs_pending,,
sam-gov-interior-department-of-the-national-park-service-ner-services-mabo-43000-140p4326q0056,watching,SAM.gov,"INTERIOR, DEPARTMENT OF THE NATIONAL PARK SERVICE NER SERVICES MABO (43000)",140P4326Q0056,Boston National Historical Park (BOST) - Bunker Hi,https://sam.gov/workspace/contract/opp/170cd51dc3cf4a3094c7f8561b873636/view,2026-08-07,,2026-08-28,"Boston, MA",,,NAICS 561730; PSC F014,0,,no mattress/bedding signal,,2026-08-10,2026-08-10,Combined Synopsis/Solicitation,blocker,blocked,specs_pending,,
sam-gov-interior-department-of-the-national-park-service-ner-services-mabo-43000-140p4326q0056,watching,SAM.gov,"INTERIOR, DEPARTMENT OF THE NATIONAL PARK SERVICE NER SERVICES MABO (43000)",140P4326Q0056,Boston National Historical Park (BOST) - Bunker Hi,https://sam.gov/workspace/contract/opp/170cd51dc3cf4a3094c7f8561b873636/view,2026-08-07,,2026-08-28,"Boston, MA",,,NAICS 561730; PSC F014,0,,no mattress/bedding signal,,2026-08-13,2026-08-13,Combined Synopsis/Solicitation,blocker,blocked,specs_pending,,
sam-gov-interior-department-of-the-national-park-service-alaska-regional-office-97000-140p9726q0069,watching,SAM.gov,"INTERIOR, DEPARTMENT OF THE NATIONAL PARK SERVICE ALASKA REGIONAL OFFICE(97000)",140P9726Q0069,BELA PMIS 349326B/BUNKHOUSE SEWER,https://sam.gov/workspace/contract/opp/db640ba701d643bba9b5ec1c0eb40ab1/view,2026-08-14,,2026-08-30,,,,NAICS 238220; PSC H345,0,,no mattress/bedding signal,,2026-08-17,2026-08-17,Solicitation,blocker,blocked,specs_pending,,
sam-gov-veterans-affairs-department-of-veterans-affairs-department-of-242-network-contract-office-02-36c242-36c24226q087,watching,SAM.gov,"VETERANS AFFAIRS, DEPARTMENT OF VETERANS AFFAIRS, DEPARTMENT OF 242-NETWORK CONTRACT OFFICE 02 (36C242)",36C24226Q0870,6515--Hospital Air Mattress Surfaces,https://sam.gov/workspace/contract/opp/09035fc925d1478699a984b7c63380cb/view,2026-08-17,,2026-08-21,"Bronx, NY",,,NAICS 339113; PSC 6515,5,,hard-exclude: air mattress,,2026-08-20,2026-08-20,Combined Synopsis/Solicitation,blocker,blocked,specs_pending,,
sam-gov-interior-department-of-the-us-fish-and-wildlife-service-fws-construction-a-e-team-1-140fc126q0036,watching,SAM.gov,"INTERIOR, DEPARTMENT OF THE US FISH AND WILDLIFE SERVICE FWS, CONSTRUCTION A/E TEAM 1",140FC126Q0036,OR HART MTN ANTLP RFG BUNKHOUSE FIRE ALA,https://sam.gov/workspace/contract/opp/2bed520dda72485092cfb57e7f57ed43/view,2026-08-18,,2026-09-07,,,,NAICS 238210; PSC Z2EZ,0,,no mattress/bedding signal,,2026-08-20,2026-08-20,Solicitation,blocker,blocked,specs_pending,,
sam-gov-homeland-security-department-of-us-secret-service-u-s-secret-service-70us0926r70094023,watching,SAM.gov,"HOMELAND SECURITY, DEPARTMENT OF US SECRET SERVICE U S SECRET SERVICE",70US0926R70094023,Ammunition Bunker Extended Storage Expansion Project,https://sam.gov/workspace/contract/opp/23d4330c6d004f3581a477c504ae4e3a/view,2026-08-17,,2026-09-09,"Laurel, MD",,,NAICS 236220; PSC Y1AZ,0,,no mattress/bedding signal,,2026-08-20,2026-08-20,Solicitation,blocker,blocked,specs_pending,,
sam-gov-interior-department-of-the-national-park-service-alaska-regional-office-97000-140p9726q0069,watching,SAM.gov,"INTERIOR, DEPARTMENT OF THE NATIONAL PARK SERVICE ALASKA REGIONAL OFFICE(97000)",140P9726Q0069,BELA PMIS 349326B/BUNKHOUSE SEWER,https://sam.gov/workspace/contract/opp/db640ba701d643bba9b5ec1c0eb40ab1/view,2026-08-14,,2026-08-30,,,,NAICS 238220; PSC H345,0,,no mattress/bedding signal,,2026-08-20,2026-08-20,Solicitation,blocker,blocked,specs_pending,,
